{
    "0": {
        "nodes": [
            0,
            1,
            10,
            11,
            100,
            101,
            102,
            110,
            111,
            112,
            200,
            201,
            202,
            210,
            211,
            212
        ],
        "center": [
            58.52,
            38.51,
            56.72
        ],
        "cluster_head": 101
    },
    "1": {
        "nodes": [
            20,
            21,
            30,
            31,
            40,
            41,
            120,
            121,
            130,
            131,
            132,
            141,
            220,
            221,
            231,
            232
        ],
        "center": [
            50.16,
            130.58,
            47.57
        ],
        "cluster_head": 121
    },
    "2": {
        "nodes": [
            2,
            3,
            4,
            12,
            13,
            14,
            15,
            22,
            25,
            103,
            104,
            113,
            114,
            203
        ],
        "center": [
            34.58,
            45.62,
            153.86
        ],
        "cluster_head": 4
    },
    "3": {
        "nodes": [
            23,
            24,
            32,
            33,
            34,
            42,
            43,
            44,
            122,
            123,
            124,
            133,
            134,
            142,
            143,
            144,
            234,
            235,
            243,
            244
        ],
        "center": [
            47.47,
            145.25,
            153.22
        ],
        "cluster_head": 133
    },
    "4": {
        "nodes": [
            230,
            241,
            300,
            301,
            302,
            310,
            311,
            312,
            320,
            321,
            322,
            330,
            331,
            332,
            340,
            341,
            400,
            401,
            402,
            410,
            411,
            412,
            420,
            421,
            430,
            431,
            440,
            441,
            442,
            510,
            511,
            522
        ],
        "center": [
            158.83,
            97.45,
            53.37
        ],
        "cluster_head": 321
    },
    "5": {
        "nodes": [
            222,
            223,
            233,
            323,
            324,
            333,
            334,
            335,
            342,
            343,
            344,
            354,
            422,
            423,
            424,
            432,
            433,
            434,
            435,
            443,
            444
        ],
        "center": [
            157.85,
            139.52,
            152.23
        ],
        "cluster_head": 334
    },
    "6": {
        "nodes": [
            204,
            213,
            214,
            224,
            303,
            304,
            305,
            313,
            314,
            403,
            404,
            405,
            413,
            414
        ],
        "center": [
            148.57,
            35.29,
            170.54
        ],
        "cluster_head": 214
    },
    "7": {
        "nodes": [
            240,
            261,
            271,
            350,
            351,
            360,
            361,
            370,
            371,
            450,
            451,
            460,
            461,
            462,
            470,
            471
        ],
        "center": [
            149.79,
            255.43,
            37.86
        ],
        "cluster_head": 351
    },
    "8": {
        "nodes": [
            273,
            352,
            353,
            362,
            363,
            364,
            372,
            373,
            374,
            452,
            453,
            454,
            463,
            472,
            473,
            474
        ],
        "center": [
            153.55,
            262.29,
            137.21
        ],
        "cluster_head": 363
    },
    "9": {
        "nodes": [
            52,
            53,
            62,
            63,
            152,
            153,
            154,
            162,
            163,
            164,
            242,
            251,
            252,
            253,
            254,
            262,
            263,
            272,
            274
        ],
        "center": [
            69.18,
            238.89,
            128.65
        ],
        "cluster_head": 163
    },
    "10": {
        "nodes": [
            50,
            51,
            60,
            61,
            71,
            140,
            150,
            151,
            160,
            161,
            250,
            260
        ],
        "center": [
            42.45,
            243.01,
            37.94
        ],
        "cluster_head": 151
    },
    "11": {
        "nodes": [
            70,
            80,
            81,
            90,
            91,
            170,
            171,
            180,
            181,
            190,
            191,
            270,
            280,
            281,
            290,
            291,
            380,
            381,
            390,
            391,
            480,
            481,
            490
        ],
        "center": [
            90.99,
            346.83,
            35.5
        ],
        "cluster_head": 181
    },
    "12": {
        "nodes": [
            72,
            73,
            74,
            82,
            83,
            92,
            93,
            94,
            172,
            173,
            174,
            182,
            183,
            192,
            193
        ],
        "center": [
            40.33,
            337.87,
            131.31
        ],
        "cluster_head": 183
    },
    "13": {
        "nodes": [
            282,
            283,
            292,
            293,
            382,
            383,
            392,
            393,
            394,
            483,
            492,
            493
        ],
        "center": [
            139.08,
            361.19,
            129.52
        ],
        "cluster_head": 392
    },
    "14": {
        "nodes": [
            58,
            59,
            68,
            69,
            78,
            79,
            89,
            157,
            158,
            159,
            167,
            168,
            169,
            178,
            179,
            258,
            259,
            268,
            269,
            278,
            279,
            359,
            367,
            368,
            369,
            378,
            379,
            458,
            469
        ],
        "center": [
            85.38,
            262.13,
            360.44
        ],
        "cluster_head": 268
    },
    "15": {
        "nodes": [
            287,
            288,
            289,
            297,
            298,
            299,
            387,
            388,
            389,
            397,
            398,
            399,
            478,
            488,
            489,
            497,
            499
        ],
        "center": [
            136.51,
            355.24,
            344.53
        ],
        "cluster_head": 398
    },
    "16": {
        "nodes": [
            87,
            88,
            97,
            98,
            99,
            187,
            188,
            189,
            197,
            198,
            199,
            277
        ],
        "center": [
            45.43,
            364.43,
            337.83
        ],
        "cluster_head": 188
    },
    "17": {
        "nodes": [
            54,
            55,
            56,
            57,
            64,
            65,
            66,
            67,
            75,
            76,
            77,
            155,
            165,
            166,
            175,
            176,
            177
        ],
        "center": [
            31.54,
            261.5,
            240.23
        ],
        "cluster_head": 166
    },
    "18": {
        "nodes": [
            84,
            85,
            86,
            95,
            96,
            184,
            185,
            186,
            194,
            195,
            196,
            284,
            286,
            294,
            295,
            296
        ],
        "center": [
            53.93,
            363.35,
            226.56
        ],
        "cluster_head": 195
    },
    "19": {
        "nodes": [
            156,
            255,
            256,
            257,
            264,
            265,
            266,
            267,
            275,
            276,
            355,
            356,
            357,
            365,
            366,
            455,
            456,
            457,
            464,
            465,
            467
        ],
        "center": [
            137.18,
            242.67,
            248.7
        ],
        "cluster_head": 365
    },
    "20": {
        "nodes": [
            285,
            375,
            376,
            377,
            384,
            385,
            386,
            395,
            396,
            475,
            476,
            477,
            485,
            494,
            496
        ],
        "center": [
            150.76,
            339.83,
            241.43
        ],
        "cluster_head": 385
    },
    "21": {
        "nodes": [
            207,
            208,
            209,
            218,
            307,
            308,
            309,
            318,
            319,
            328,
            329,
            408,
            409,
            417,
            418,
            419,
            429
        ],
        "center": [
            150.08,
            46.16,
            354.59
        ],
        "cluster_head": 308
    },
    "22": {
        "nodes": [
            216,
            306,
            315,
            316,
            317,
            325,
            326,
            327,
            406,
            407,
            415,
            416,
            425,
            426,
            427,
            525
        ],
        "center": [
            166.29,
            70.18,
            256.97
        ],
        "cluster_head": 316
    },
    "23": {
        "nodes": [
            237,
            247,
            336,
            337,
            345,
            346,
            347,
            436,
            437,
            445,
            446
        ],
        "center": [
            142.66,
            162.29,
            267.18
        ],
        "cluster_head": 336
    },
    "24": {
        "nodes": [
            229,
            239,
            248,
            249,
            338,
            339,
            348,
            349,
            358,
            428,
            438,
            447,
            448,
            449,
            459
        ],
        "center": [
            145.49,
            165.79,
            358.68
        ],
        "cluster_head": 348
    },
    "25": {
        "nodes": [
            29,
            38,
            39,
            47,
            48,
            49,
            128,
            129,
            138,
            139,
            148,
            149,
            228,
            238
        ],
        "center": [
            46.51,
            144.97,
            360.9
        ],
        "cluster_head": 38
    },
    "26": {
        "nodes": [
            7,
            8,
            9,
            18,
            19,
            27,
            28,
            108,
            109,
            118,
            119,
            219
        ],
        "center": [
            36.81,
            46.17,
            352.43
        ],
        "cluster_head": 18
    },
    "27": {
        "nodes": [
            35,
            36,
            37,
            45,
            46,
            125,
            126,
            127,
            135,
            136,
            137,
            145,
            146,
            147,
            225,
            236,
            245,
            246
        ],
        "center": [
            57.64,
            148.74,
            250.5
        ],
        "cluster_head": 236
    },
    "28": {
        "nodes": [
            5,
            6,
            16,
            17,
            26,
            105,
            106,
            107,
            115,
            116,
            117,
            205,
            206,
            215,
            217,
            226,
            227
        ],
        "center": [
            55.87,
            50.41,
            259.7
        ],
        "cluster_head": 116
    },
    "29": {
        "nodes": [
            520,
            521,
            530,
            531,
            540,
            541,
            630,
            631,
            632,
            640,
            720,
            740
        ],
        "center": [
            247.2,
            145.0,
            37.36
        ],
        "cluster_head": 630
    },
    "30": {
        "nodes": [
            721,
            730,
            731,
            732,
            820,
            821,
            830,
            831,
            832,
            840,
            841,
            842,
            920,
            921,
            922,
            930,
            931,
            932,
            940,
            941,
            942,
            943
        ],
        "center": [
            354.13,
            144.09,
            62.57
        ],
        "cluster_head": 931
    },
    "31": {
        "nodes": [
            500,
            501,
            600,
            601,
            610,
            611,
            620,
            621,
            700,
            710
        ],
        "center": [
            258.38,
            47.75,
            35.79
        ],
        "cluster_head": 610
    },
    "32": {
        "nodes": [
            701,
            702,
            711,
            712,
            800,
            801,
            802,
            810,
            811,
            812,
            900,
            901,
            902,
            910,
            911,
            912
        ],
        "center": [
            345.84,
            41.8,
            65.05
        ],
        "cluster_head": 811
    },
    "33": {
        "nodes": [
            502,
            503,
            504,
            512,
            513,
            514,
            524,
            602,
            603,
            604,
            605,
            612,
            613,
            614,
            624,
            703,
            704,
            713,
            714
        ],
        "center": [
            251.59,
            42.81,
            156.05
        ],
        "cluster_head": 613
    },
    "34": {
        "nodes": [
            722,
            723,
            803,
            804,
            813,
            814,
            822,
            823,
            824,
            903,
            904,
            913,
            914,
            924
        ],
        "center": [
            349.73,
            59.4,
            150.36
        ],
        "cluster_head": 814
    },
    "35": {
        "nodes": [
            724,
            734,
            743,
            744,
            833,
            834,
            843,
            844,
            923,
            933,
            934,
            944
        ],
        "center": [
            338.04,
            153.55,
            162.04
        ],
        "cluster_head": 843
    },
    "36": {
        "nodes": [
            523,
            532,
            533,
            534,
            542,
            543,
            544,
            622,
            623,
            633,
            634,
            642,
            643,
            644,
            733,
            742
        ],
        "center": [
            243.58,
            153.9,
            144.63
        ],
        "cluster_head": 543
    },
    "37": {
        "nodes": [
            535,
            536,
            537,
            545,
            546,
            547,
            635,
            636,
            637,
            645,
            646,
            647,
            648,
            735,
            737,
            745,
            746
        ],
        "center": [
            255.63,
            160.83,
            258.98
        ],
        "cluster_head": 646
    },
    "38": {
        "nodes": [
            505,
            506,
            515,
            516,
            526,
            606,
            615,
            616,
            625,
            626,
            627,
            727
        ],
        "center": [
            243.58,
            70.24,
            255.0
        ],
        "cluster_head": 616
    },
    "39": {
        "nodes": [
            439,
            529,
            538,
            539,
            548,
            549,
            559,
            638,
            639,
            649,
            739,
            748
        ],
        "center": [
            234.42,
            157.97,
            368.94
        ],
        "cluster_head": 538
    },
    "40": {
        "nodes": [
            507,
            508,
            509,
            517,
            518,
            519,
            527,
            528,
            607,
            608,
            609,
            617,
            618,
            619,
            628,
            629,
            718,
            719,
            729
        ],
        "center": [
            253.01,
            58.18,
            345.78
        ],
        "cluster_head": 608
    },
    "41": {
        "nodes": [
            728,
            738,
            749,
            827,
            828,
            829,
            837,
            838,
            839,
            847,
            848,
            849,
            858,
            919,
            928,
            929,
            938,
            939,
            948,
            949
        ],
        "center": [
            351.7,
            138.24,
            351.97
        ],
        "cluster_head": 838
    },
    "42": {
        "nodes": [
            726,
            736,
            747,
            836,
            845,
            846,
            927,
            935,
            936,
            937,
            945,
            946,
            947
        ],
        "center": [
            360.81,
            155.22,
            264.01
        ],
        "cluster_head": 846
    },
    "43": {
        "nodes": [
            707,
            708,
            709,
            717,
            807,
            808,
            809,
            818,
            819,
            907,
            908,
            909,
            917,
            918
        ],
        "center": [
            347.99,
            28.23,
            338.28
        ],
        "cluster_head": 808
    },
    "44": {
        "nodes": [
            705,
            706,
            715,
            716,
            725,
            805,
            806,
            815,
            816,
            817,
            825,
            826,
            835,
            905,
            906,
            915,
            916,
            925,
            926
        ],
        "center": [
            337.2,
            64.0,
            236.36
        ],
        "cluster_head": 815
    },
    "45": {
        "nodes": [
            787,
            797,
            877,
            887,
            888,
            889,
            897,
            898,
            899,
            987,
            988,
            997,
            998,
            999
        ],
        "center": [
            346.33,
            358.45,
            327.87
        ],
        "cluster_head": 897
    },
    "46": {
        "nodes": [
            778,
            859,
            867,
            868,
            869,
            878,
            879,
            958,
            959,
            967,
            968,
            969,
            978,
            979,
            989
        ],
        "center": [
            360.34,
            273.07,
            356.36
        ],
        "cluster_head": 869
    },
    "47": {
        "nodes": [
            755,
            756,
            757,
            765,
            766,
            767,
            855,
            856,
            857,
            865,
            866,
            955,
            956,
            957,
            965,
            966,
            977
        ],
        "center": [
            347.56,
            238.05,
            252.85
        ],
        "cluster_head": 856
    },
    "48": {
        "nodes": [
            775,
            776,
            785,
            786,
            795,
            875,
            876,
            884,
            885,
            886,
            895,
            896,
            975,
            976,
            985,
            986,
            995,
            996
        ],
        "center": [
            344.74,
            336.07,
            235.05
        ],
        "cluster_head": 886
    },
    "49": {
        "nodes": [
            466,
            555,
            556,
            557,
            565,
            566,
            567,
            575,
            576,
            577,
            655,
            656,
            657,
            665,
            666,
            667,
            675,
            676,
            677,
            777
        ],
        "center": [
            241.0,
            258.29,
            257.56
        ],
        "cluster_head": 666
    },
    "50": {
        "nodes": [
            486,
            495,
            585,
            586,
            595,
            596,
            685,
            686,
            695,
            696,
            796
        ],
        "center": [
            235.21,
            360.72,
            246.26
        ],
        "cluster_head": 585
    },
    "51": {
        "nodes": [
            479,
            487,
            498,
            579,
            587,
            588,
            589,
            597,
            598,
            599,
            678,
            679,
            687,
            688,
            689,
            697,
            698,
            699,
            788,
            789,
            798,
            799
        ],
        "center": [
            246.2,
            351.4,
            350.46
        ],
        "cluster_head": 698
    },
    "52": {
        "nodes": [
            468,
            558,
            568,
            569,
            578,
            658,
            659,
            668,
            669,
            758,
            759,
            768,
            769,
            779
        ],
        "center": [
            253.48,
            253.2,
            358.7
        ],
        "cluster_head": 668
    },
    "53": {
        "nodes": [
            774,
            784,
            793,
            874,
            883,
            893,
            894,
            973,
            983,
            984,
            993,
            994
        ],
        "center": [
            352.64,
            350.74,
            161.3
        ],
        "cluster_head": 883
    },
    "54": {
        "nodes": [
            770,
            772,
            781,
            791,
            792,
            870,
            871,
            880,
            881,
            882,
            890,
            891,
            892,
            972,
            980,
            981,
            982,
            990,
            991,
            992
        ],
        "center": [
            347.54,
            351.78,
            62.9
        ],
        "cluster_head": 881
    },
    "55": {
        "nodes": [
            741,
            750,
            754,
            762,
            763,
            850,
            851,
            852,
            853,
            854,
            860,
            861,
            862,
            863,
            864,
            872,
            873,
            950,
            951,
            952,
            953,
            954,
            960,
            961,
            962,
            963,
            964,
            970,
            971,
            974
        ],
        "center": [
            352.36,
            248.67,
            101.19
        ],
        "cluster_head": 862
    },
    "56": {
        "nodes": [
            552,
            553,
            554,
            562,
            563,
            564,
            652,
            653,
            654,
            662,
            663,
            664,
            673,
            752,
            753,
            764
        ],
        "center": [
            254.8,
            241.87,
            141.2
        ],
        "cluster_head": 663
    },
    "57": {
        "nodes": [
            550,
            551,
            560,
            561,
            570,
            571,
            641,
            650,
            651,
            660,
            661,
            670,
            671,
            751,
            760,
            761
        ],
        "center": [
            250.1,
            250.56,
            40.93
        ],
        "cluster_head": 661
    },
    "58": {
        "nodes": [
            484,
            573,
            574,
            583,
            584,
            593,
            594,
            674,
            682,
            683,
            684,
            692,
            693,
            694,
            773,
            783,
            794
        ],
        "center": [
            250.03,
            344.53,
            153.57
        ],
        "cluster_head": 584
    },
    "59": {
        "nodes": [
            482,
            491,
            572,
            580,
            581,
            582,
            590,
            591,
            592,
            672,
            680,
            681,
            690,
            691,
            771,
            780,
            782,
            790
        ],
        "center": [
            243.07,
            346.13,
            57.15
        ],
        "cluster_head": 691
    }
}