{
    "0": {
        "nodes": [
            10,
            13
        ],
        "center": [
            196.42,
            142.25,
            192.88
        ],
        "cluster_head": 13
    },
    "1": {
        "nodes": [
            0
        ],
        "center": [
            73.18,
            95.36,
            80.37
        ],
        "cluster_head": 0
    },
    "2": {
        "nodes": [
            9,
            18,
            19
        ],
        "center": [
            284.75,
            51.09,
            102.76
        ],
        "cluster_head": 18
    },
    "3": {
        "nodes": [
            2,
            5
        ],
        "center": [
            34.98,
            127.47,
            386.42
        ],
        "cluster_head": 2
    },
    "4": {
        "nodes": [
            1
        ],
        "center": [
            72.65,
            56.49,
            219.45
        ],
        "cluster_head": 1
    },
    "5": {
        "nodes": [
            11,
            14
        ],
        "center": [
            217.74,
            71.93,
            352.29
        ],
        "cluster_head": 11
    },
    "6": {
        "nodes": [
            8
        ],
        "center": [
            15.77,
            351.99,
            285.78
        ],
        "cluster_head": 8
    },
    "7": {
        "nodes": [
            6,
            7,
            16,
            17
        ],
        "center": [
            144.38,
            356.12,
            214.38
        ],
        "cluster_head": 16
    },
    "8": {
        "nodes": [
            3,
            4
        ],
        "center": [
            63.43,
            247.82,
            106.66
        ],
        "cluster_head": 3
    },
    "9": {
        "nodes": [
            12,
            15
        ],
        "center": [
            218.85,
            255.15,
            71.51
        ],
        "cluster_head": 12
    }
}