{
    "0": {
        "nodes": [
            150,
            151,
            156,
            186,
            192
        ],
        "center": [
            320.34,
            146.05,
            40.67
        ],
        "cluster_head": 156
    },
    "1": {
        "nodes": [
            121,
            157,
            162,
            163,
            164,
            198,
            199
        ],
        "center": [
            314.3,
            223.52,
            102.66
        ],
        "cluster_head": 163
    },
    "2": {
        "nodes": [
            116,
            122,
            158,
            187,
            188,
            193,
            194,
            195
        ],
        "center": [
            328.95,
            144.07,
            167.33
        ],
        "cluster_head": 194
    },
    "3": {
        "nodes": [
            146,
            147,
            152,
            182,
            183
        ],
        "center": [
            336.74,
            53.37,
            183.26
        ],
        "cluster_head": 147
    },
    "4": {
        "nodes": [
            180,
            181
        ],
        "center": [
            353.05,
            53.67,
            53.91
        ],
        "cluster_head": 180
    },
    "5": {
        "nodes": [
            72,
            78,
            108,
            109,
            114,
            115,
            144,
            145
        ],
        "center": [
            222.44,
            52.76,
            57.81
        ],
        "cluster_head": 114
    },
    "6": {
        "nodes": [
            37,
            38,
            73,
            74,
            79,
            80,
            86,
            110
        ],
        "center": [
            168.63,
            66.66,
            138.66
        ],
        "cluster_head": 74
    },
    "7": {
        "nodes": [
            0,
            1,
            6,
            7,
            8,
            14,
            36,
            42,
            43,
            44
        ],
        "center": [
            54.36,
            88.94,
            99.49
        ],
        "cluster_head": 7
    },
    "8": {
        "nodes": [
            48,
            49,
            50,
            55,
            56,
            84,
            85
        ],
        "center": [
            126.76,
            188.29,
            101.25
        ],
        "cluster_head": 55
    },
    "9": {
        "nodes": [
            12,
            13,
            18,
            19,
            20,
            25,
            26
        ],
        "center": [
            21.43,
            220.15,
            98.79
        ],
        "cluster_head": 19
    },
    "10": {
        "nodes": [
            90,
            96,
            120,
            126,
            132
        ],
        "center": [
            206.34,
            258.24,
            28.33
        ],
        "cluster_head": 90
    },
    "11": {
        "nodes": [
            138,
            168,
            174
        ],
        "center": [
            257.44,
            353.06,
            22.25
        ],
        "cluster_head": 174
    },
    "12": {
        "nodes": [
            91,
            92,
            98,
            127,
            128,
            133,
            134,
            139,
            169,
            170
        ],
        "center": [
            220.95,
            281.2,
            144.48
        ],
        "cluster_head": 133
    },
    "13": {
        "nodes": [
            140,
            175,
            176
        ],
        "center": [
            276.36,
            376.15,
            141.23
        ],
        "cluster_head": 176
    },
    "14": {
        "nodes": [
            24,
            30,
            31,
            54,
            60,
            61,
            66,
            67,
            97,
            102,
            103
        ],
        "center": [
            91.95,
            336.01,
            59.24
        ],
        "cluster_head": 67
    },
    "15": {
        "nodes": [
            32,
            62,
            68,
            104
        ],
        "center": [
            87.11,
            329.45,
            181.84
        ],
        "cluster_head": 68
    },
    "16": {
        "nodes": [
            40,
            41,
            46,
            47,
            77,
            83,
            89
        ],
        "center": [
            130.25,
            73.62,
            360.03
        ],
        "cluster_head": 46
    },
    "17": {
        "nodes": [
            5,
            11
        ],
        "center": [
            21.85,
            34.63,
            381.68
        ],
        "cluster_head": 5
    },
    "18": {
        "nodes": [
            2,
            3,
            4,
            9,
            10,
            15,
            16
        ],
        "center": [
            34.14,
            99.8,
            248.89
        ],
        "cluster_head": 9
    },
    "19": {
        "nodes": [
            39,
            45,
            51,
            52,
            75,
            76,
            81,
            82,
            87,
            88,
            117
        ],
        "center": [
            151.5,
            107.27,
            256.56
        ],
        "cluster_head": 87
    },
    "20": {
        "nodes": [
            153,
            189,
            190
        ],
        "center": [
            371.66,
            91.96,
            256.05
        ],
        "cluster_head": 189
    },
    "21": {
        "nodes": [
            118,
            123,
            124,
            154,
            159,
            160
        ],
        "center": [
            271.07,
            156.15,
            263.19
        ],
        "cluster_head": 160
    },
    "22": {
        "nodes": [
            161,
            191,
            196,
            197
        ],
        "center": [
            346.1,
            161.06,
            352.88
        ],
        "cluster_head": 191
    },
    "23": {
        "nodes": [
            125,
            131
        ],
        "center": [
            233.65,
            194.32,
            397.27
        ],
        "cluster_head": 131
    },
    "24": {
        "nodes": [
            149,
            184,
            185
        ],
        "center": [
            344.85,
            38.15,
            355.76
        ],
        "cluster_head": 185
    },
    "25": {
        "nodes": [
            111,
            112,
            113,
            119,
            148,
            155
        ],
        "center": [
            241.81,
            52.38,
            329.31
        ],
        "cluster_head": 113
    },
    "26": {
        "nodes": [
            137,
            142,
            143,
            167,
            172,
            173,
            178,
            179
        ],
        "center": [
            275.57,
            313.11,
            349.44
        ],
        "cluster_head": 142
    },
    "27": {
        "nodes": [
            99,
            100,
            105,
            106,
            141,
            177
        ],
        "center": [
            204.22,
            357.28,
            254.35
        ],
        "cluster_head": 141
    },
    "28": {
        "nodes": [
            93,
            94,
            129,
            130,
            135,
            136,
            165,
            166,
            171
        ],
        "center": [
            236.91,
            246.69,
            255.74
        ],
        "cluster_head": 136
    },
    "29": {
        "nodes": [
            29,
            35,
            64,
            65,
            70,
            71,
            95,
            101,
            107
        ],
        "center": [
            96.01,
            318.68,
            355.03
        ],
        "cluster_head": 71
    },
    "30": {
        "nodes": [
            33,
            34,
            69
        ],
        "center": [
            48.75,
            381.7,
            253.68
        ],
        "cluster_head": 34
    },
    "31": {
        "nodes": [
            17,
            22,
            23,
            28,
            53,
            58,
            59
        ],
        "center": [
            63.94,
            228.12,
            331.07
        ],
        "cluster_head": 22
    },
    "32": {
        "nodes": [
            21,
            27,
            57,
            63
        ],
        "center": [
            48.65,
            247.65,
            221.49
        ],
        "cluster_head": 27
    }
}