{
    "0": {
        "nodes": [
            52
        ],
        "center": [
            120.49,
            171.27,
            293.81
        ],
        "cluster_head": 52
    },
    "1": {
        "nodes": [
            9,
            39,
            45,
            51,
            81,
            87
        ],
        "center": [
            110.72,
            109.28,
            243.71
        ],
        "cluster_head": 45
    },
    "2": {
        "nodes": [
            15
        ],
        "center": [
            44.71,
            147.36,
            208.6
        ],
        "cluster_head": 15
    },
    "3": {
        "nodes": [
            46
        ],
        "center": [
            110.14,
            95.43,
            326.44
        ],
        "cluster_head": 46
    },
    "4": {
        "nodes": [
            3,
            4
        ],
        "center": [
            31.72,
            57.24,
            253.33
        ],
        "cluster_head": 3
    },
    "5": {
        "nodes": [
            10,
            16
        ],
        "center": [
            19.33,
            137.93,
            300.88
        ],
        "cluster_head": 16
    },
    "6": {
        "nodes": [
            53
        ],
        "center": [
            71.28,
            179.83,
            363.57
        ],
        "cluster_head": 53
    },
    "7": {
        "nodes": [
            5
        ],
        "center": [
            5.81,
            1.35,
            388.84
        ],
        "cluster_head": 5
    },
    "8": {
        "nodes": [
            40,
            41,
            77
        ],
        "center": [
            124.06,
            32.08,
            346.4
        ],
        "cluster_head": 40
    },
    "9": {
        "nodes": [
            11,
            47
        ],
        "center": [
            64.53,
            81.82,
            383.65
        ],
        "cluster_head": 47
    },
    "10": {
        "nodes": [
            118
        ],
        "center": [
            235.74,
            112.09,
            285.17
        ],
        "cluster_head": 118
    },
    "11": {
        "nodes": [
            75,
            76,
            82,
            111,
            117
        ],
        "center": [
            202.64,
            64.14,
            252.02
        ],
        "cluster_head": 76
    },
    "12": {
        "nodes": [
            112,
            113,
            148
        ],
        "center": [
            239.22,
            24.29,
            324.44
        ],
        "cluster_head": 112
    },
    "13": {
        "nodes": [
            147
        ],
        "center": [
            321.91,
            61.66,
            203.07
        ],
        "cluster_head": 147
    },
    "14": {
        "nodes": [
            122,
            123,
            124
        ],
        "center": [
            248.24,
            171.88,
            232.71
        ],
        "cluster_head": 123
    },
    "15": {
        "nodes": [
            88,
            94
        ],
        "center": [
            176.26,
            193.28,
            287.63
        ],
        "cluster_head": 88
    },
    "16": {
        "nodes": [
            83,
            89,
            119
        ],
        "center": [
            182.3,
            106.94,
            386.28
        ],
        "cluster_head": 83
    },
    "17": {
        "nodes": [
            125,
            131
        ],
        "center": [
            233.65,
            194.32,
            397.27
        ],
        "cluster_head": 131
    },
    "18": {
        "nodes": [
            149
        ],
        "center": [
            332.37,
            64.6,
            393.66
        ],
        "cluster_head": 149
    },
    "19": {
        "nodes": [
            109,
            144,
            145
        ],
        "center": [
            274.8,
            33.42,
            70.76
        ],
        "cluster_head": 145
    },
    "20": {
        "nodes": [
            146
        ],
        "center": [
            313.77,
            27.66,
            157.37
        ],
        "cluster_head": 146
    },
    "21": {
        "nodes": [
            72,
            78,
            108,
            114
        ],
        "center": [
            187.49,
            55.15,
            40.76
        ],
        "cluster_head": 108
    },
    "22": {
        "nodes": [
            73,
            74,
            79,
            80,
            110,
            115
        ],
        "center": [
            185.45,
            68.11,
            128.07
        ],
        "cluster_head": 73
    },
    "23": {
        "nodes": [
            86,
            116
        ],
        "center": [
            217.98,
            141.72,
            162.88
        ],
        "cluster_head": 86
    },
    "24": {
        "nodes": [
            6,
            7,
            43
        ],
        "center": [
            63.72,
            109.99,
            93.06
        ],
        "cluster_head": 43
    },
    "25": {
        "nodes": [
            0,
            1,
            36,
            37,
            42
        ],
        "center": [
            69.1,
            54.57,
            62.05
        ],
        "cluster_head": 36
    },
    "26": {
        "nodes": [
            2,
            8,
            14,
            44
        ],
        "center": [
            39.82,
            98.17,
            172.4
        ],
        "cluster_head": 44
    },
    "27": {
        "nodes": [
            38
        ],
        "center": [
            120.92,
            26.43,
            192.07
        ],
        "cluster_head": 38
    },
    "28": {
        "nodes": [
            93,
            129,
            130,
            135,
            136
        ],
        "center": [
            215.53,
            249.41,
            250.06
        ],
        "cluster_head": 129
    },
    "29": {
        "nodes": [
            99,
            100,
            105,
            106,
            141
        ],
        "center": [
            187.17,
            353.78,
            261.49
        ],
        "cluster_head": 99
    },
    "30": {
        "nodes": [
            137,
            142,
            143
        ],
        "center": [
            237.92,
            319.44,
            348.84
        ],
        "cluster_head": 142
    },
    "31": {
        "nodes": [
            64,
            70,
            107
        ],
        "center": [
            117.96,
            338.15,
            326.76
        ],
        "cluster_head": 70
    },
    "32": {
        "nodes": [
            35,
            71
        ],
        "center": [
            61.32,
            353.76,
            377.69
        ],
        "cluster_head": 71
    },
    "33": {
        "nodes": [
            34,
            69
        ],
        "center": [
            72.96,
            383.29,
            271.51
        ],
        "cluster_head": 34
    },
    "34": {
        "nodes": [
            28
        ],
        "center": [
            37.77,
            284.36,
            301.55
        ],
        "cluster_head": 28
    },
    "35": {
        "nodes": [
            23,
            29
        ],
        "center": [
            6.34,
            285.08,
            379.93
        ],
        "cluster_head": 29
    },
    "36": {
        "nodes": [
            17,
            22
        ],
        "center": [
            41.99,
            202.85,
            331.33
        ],
        "cluster_head": 22
    },
    "37": {
        "nodes": [
            58
        ],
        "center": [
            119.58,
            214.93,
            289.69
        ],
        "cluster_head": 58
    },
    "38": {
        "nodes": [
            59,
            65,
            95,
            101
        ],
        "center": [
            127.46,
            272.02,
            349.95
        ],
        "cluster_head": 95
    },
    "39": {
        "nodes": [
            33
        ],
        "center": [
            0.31,
            378.52,
            218.0
        ],
        "cluster_head": 33
    },
    "40": {
        "nodes": [
            21,
            27
        ],
        "center": [
            18.42,
            242.02,
            235.37
        ],
        "cluster_head": 27
    },
    "41": {
        "nodes": [
            63
        ],
        "center": [
            87.46,
            293.21,
            213.99
        ],
        "cluster_head": 63
    },
    "42": {
        "nodes": [
            84,
            120,
            121,
            126
        ],
        "center": [
            214.46,
            202.09,
            62.73
        ],
        "cluster_head": 120
    },
    "43": {
        "nodes": [
            90,
            96,
            132,
            138
        ],
        "center": [
            200.86,
            302.1,
            14.24
        ],
        "cluster_head": 132
    },
    "44": {
        "nodes": [
            97,
            102,
            103
        ],
        "center": [
            139.57,
            347.69,
            68.05
        ],
        "cluster_head": 102
    },
    "45": {
        "nodes": [
            128
        ],
        "center": [
            254.72,
            260.59,
            187.7
        ],
        "cluster_head": 128
    },
    "46": {
        "nodes": [
            91,
            92,
            98,
            127,
            133
        ],
        "center": [
            200.76,
            261.44,
            135.77
        ],
        "cluster_head": 133
    },
    "47": {
        "nodes": [
            139
        ],
        "center": [
            200.8,
            341.03,
            107.9
        ],
        "cluster_head": 139
    },
    "48": {
        "nodes": [
            104,
            134
        ],
        "center": [
            172.64,
            334.5,
            184.72
        ],
        "cluster_head": 104
    },
    "49": {
        "nodes": [
            140
        ],
        "center": [
            264.95,
            399.36,
            160.6
        ],
        "cluster_head": 140
    },
    "50": {
        "nodes": [
            20
        ],
        "center": [
            10.6,
            207.36,
            177.09
        ],
        "cluster_head": 20
    },
    "51": {
        "nodes": [
            50,
            56,
            57
        ],
        "center": [
            87.42,
            205.33,
            171.16
        ],
        "cluster_head": 56
    },
    "52": {
        "nodes": [
            12,
            13,
            18,
            19
        ],
        "center": [
            29.27,
            193.4,
            71.31
        ],
        "cluster_head": 12
    },
    "53": {
        "nodes": [
            54
        ],
        "center": [
            114.8,
            257.76,
            65.04
        ],
        "cluster_head": 54
    },
    "54": {
        "nodes": [
            49,
            55,
            85
        ],
        "center": [
            130.19,
            183.96,
            109.85
        ],
        "cluster_head": 85
    },
    "55": {
        "nodes": [
            48
        ],
        "center": [
            120.41,
            180.26,
            6.68
        ],
        "cluster_head": 48
    },
    "56": {
        "nodes": [
            24,
            31,
            60,
            61,
            67
        ],
        "center": [
            77.23,
            331.04,
            70.58
        ],
        "cluster_head": 24
    },
    "57": {
        "nodes": [
            30,
            66
        ],
        "center": [
            45.89,
            370.06,
            14.79
        ],
        "cluster_head": 30
    },
    "58": {
        "nodes": [
            25
        ],
        "center": [
            2.61,
            285.52,
            74.68
        ],
        "cluster_head": 25
    },
    "59": {
        "nodes": [
            26,
            32,
            62,
            68
        ],
        "center": [
            57.38,
            313.27,
            175.94
        ],
        "cluster_head": 68
    }
}