{
    "0": {
        "nodes": [
            1,
            2,
            3,
            11,
            65,
            66,
            67
        ],
        "center": [
            44.14,
            29.75,
            132.16
        ],
        "cluster_head": 66
    },
    "1": {
        "nodes": [
            10,
            18,
            19,
            27,
            74,
            82
        ],
        "center": [
            33.17,
            112.06,
            136.47
        ],
        "cluster_head": 18
    },
    "2": {
        "nodes": [
            75,
            146,
            147,
            155,
            203,
            210,
            211
        ],
        "center": [
            140.09,
            121.06,
            154.68
        ],
        "cluster_head": 147
    },
    "3": {
        "nodes": [
            73,
            129,
            130,
            131,
            132,
            138,
            139,
            193,
            194,
            195,
            202
        ],
        "center": [
            133.5,
            31.62,
            132.67
        ],
        "cluster_head": 130
    },
    "4": {
        "nodes": [
            90,
            144,
            145,
            152,
            153,
            154,
            208,
            209,
            216,
            217,
            218
        ],
        "center": [
            152.59,
            153.63,
            66.09
        ],
        "cluster_head": 153
    },
    "5": {
        "nodes": [
            128,
            136,
            137,
            192,
            200,
            201
        ],
        "center": [
            143.85,
            56.93,
            39.06
        ],
        "cluster_head": 128
    },
    "6": {
        "nodes": [
            0,
            8,
            9,
            16,
            17,
            24,
            25,
            26,
            64,
            72,
            80,
            81,
            88,
            89
        ],
        "center": [
            44.42,
            118.74,
            46.5
        ],
        "cluster_head": 81
    },
    "7": {
        "nodes": [
            161,
            162,
            163,
            170,
            171,
            224,
            225,
            226,
            227,
            232,
            233,
            234,
            235
        ],
        "center": [
            150.18,
            239.41,
            115.94
        ],
        "cluster_head": 234
    },
    "8": {
        "nodes": [
            34,
            35,
            42,
            43,
            106,
            107,
            114
        ],
        "center": [
            43.38,
            266.43,
            144.87
        ],
        "cluster_head": 107
    },
    "9": {
        "nodes": [
            32,
            33,
            40,
            41,
            96,
            97,
            98,
            104,
            105,
            160,
            169
        ],
        "center": [
            57.05,
            242.57,
            55.21
        ],
        "cluster_head": 97
    },
    "10": {
        "nodes": [
            48,
            49,
            50,
            56,
            57,
            58,
            59,
            112,
            113,
            115,
            120,
            121,
            122,
            123
        ],
        "center": [
            50.17,
            356.19,
            87.51
        ],
        "cluster_head": 49
    },
    "11": {
        "nodes": [
            168,
            176,
            177,
            178,
            184,
            185,
            186,
            240,
            241,
            242,
            243,
            248,
            249,
            250
        ],
        "center": [
            148.09,
            346.81,
            81.53
        ],
        "cluster_head": 177
    },
    "12": {
        "nodes": [
            283,
            290,
            291,
            354,
            355,
            356,
            363
        ],
        "center": [
            251.52,
            214.0,
            166.53
        ],
        "cluster_head": 355
    },
    "13": {
        "nodes": [
            417,
            418,
            419,
            426,
            427,
            482,
            483,
            490,
            491,
            499
        ],
        "center": [
            355.69,
            251.65,
            145.54
        ],
        "cluster_head": 427
    },
    "14": {
        "nodes": [
            298,
            299,
            306,
            307,
            314,
            315,
            362,
            370,
            371,
            378,
            379,
            434,
            435,
            443
        ],
        "center": [
            264.16,
            332.22,
            154.21
        ],
        "cluster_head": 371
    },
    "15": {
        "nodes": [
            288,
            289,
            296,
            297,
            304,
            305,
            352,
            353,
            360,
            361,
            369
        ],
        "center": [
            246.96,
            278.27,
            50.84
        ],
        "cluster_head": 304
    },
    "16": {
        "nodes": [
            312,
            313,
            368,
            376,
            377,
            433,
            440,
            441
        ],
        "center": [
            278.01,
            364.64,
            41.15
        ],
        "cluster_head": 368
    },
    "17": {
        "nodes": [
            424,
            425,
            432,
            442,
            488,
            489,
            496,
            497,
            498
        ],
        "center": [
            361.78,
            303.37,
            65.35
        ],
        "cluster_head": 425
    },
    "18": {
        "nodes": [
            344,
            416,
            480,
            481
        ],
        "center": [
            351.37,
            209.32,
            37.6
        ],
        "cluster_head": 416
    },
    "19": {
        "nodes": [
            395,
            403,
            411,
            412,
            451,
            459,
            467,
            468,
            475
        ],
        "center": [
            356.27,
            115.64,
            182.94
        ],
        "cluster_head": 467
    },
    "20": {
        "nodes": [
            400,
            401,
            402,
            408,
            409,
            410,
            464,
            465,
            466,
            472,
            473,
            474
        ],
        "center": [
            351.89,
            149.18,
            72.21
        ],
        "cluster_head": 409
    },
    "21": {
        "nodes": [
            385,
            392,
            394,
            448,
            449,
            450,
            456,
            457,
            458
        ],
        "center": [
            361.61,
            54.79,
            71.57
        ],
        "cluster_head": 449
    },
    "22": {
        "nodes": [
            272,
            273,
            274,
            280,
            281,
            282,
            336,
            337,
            345,
            346
        ],
        "center": [
            239.57,
            145.16,
            68.82
        ],
        "cluster_head": 273
    },
    "23": {
        "nodes": [
            256,
            257,
            264,
            265,
            266,
            320,
            321,
            322,
            328,
            329,
            330,
            384,
            393
        ],
        "center": [
            262.64,
            48.82,
            66.14
        ],
        "cluster_head": 265
    },
    "24": {
        "nodes": [
            275,
            331,
            338,
            339,
            347
        ],
        "center": [
            260.21,
            125.79,
            169.26
        ],
        "cluster_head": 339
    },
    "25": {
        "nodes": [
            204,
            258,
            259,
            267,
            323,
            386,
            387
        ],
        "center": [
            258.33,
            38.63,
            168.51
        ],
        "cluster_head": 323
    },
    "26": {
        "nodes": [
            406,
            407,
            414,
            415,
            422,
            423,
            470,
            471,
            478,
            479,
            486,
            487
        ],
        "center": [
            359.99,
            176.29,
            354.21
        ],
        "cluster_head": 414
    },
    "27": {
        "nodes": [
            469,
            476,
            477,
            485
        ],
        "center": [
            365.92,
            184.73,
            259.6
        ],
        "cluster_head": 477
    },
    "28": {
        "nodes": [
            278,
            285,
            286,
            287,
            341,
            342,
            343,
            348,
            349,
            350,
            351,
            357,
            358,
            413
        ],
        "center": [
            265.18,
            161.22,
            312.66
        ],
        "cluster_head": 350
    },
    "29": {
        "nodes": [
            261,
            268,
            269,
            270,
            276,
            324,
            325,
            332,
            333,
            334,
            340,
            388,
            396,
            397,
            404,
            405,
            452,
            460,
            461
        ],
        "center": [
            293.84,
            70.2,
            254.52
        ],
        "cluster_head": 333
    },
    "30": {
        "nodes": [
            271,
            326,
            327,
            335,
            389,
            390,
            391,
            398,
            399,
            453,
            454,
            455,
            462,
            463
        ],
        "center": [
            326.9,
            47.94,
            343.37
        ],
        "cluster_head": 399
    },
    "31": {
        "nodes": [
            22,
            23,
            31,
            86,
            87,
            94
        ],
        "center": [
            52.61,
            130.71,
            350.06
        ],
        "cluster_head": 22
    },
    "32": {
        "nodes": [
            5,
            6,
            7,
            14,
            15,
            69,
            70,
            71,
            78,
            79,
            133,
            134,
            135,
            143
        ],
        "center": [
            69.42,
            35.76,
            344.14
        ],
        "cluster_head": 6
    },
    "33": {
        "nodes": [
            4,
            12,
            13,
            20,
            21,
            28,
            68,
            76,
            77,
            83,
            84,
            85,
            141
        ],
        "center": [
            51.58,
            92.64,
            241.84
        ],
        "cluster_head": 77
    },
    "34": {
        "nodes": [
            91,
            93,
            140,
            148,
            149,
            150,
            151,
            156,
            157,
            158,
            212,
            213,
            219,
            220,
            221,
            222,
            223,
            230,
            277,
            284
        ],
        "center": [
            152.81,
            158.17,
            276.85
        ],
        "cluster_head": 221
    },
    "35": {
        "nodes": [
            142,
            196,
            197,
            198,
            199,
            205,
            206,
            207,
            214,
            215,
            260,
            262,
            263,
            279
        ],
        "center": [
            181.85,
            63.21,
            326.73
        ],
        "cluster_head": 198
    },
    "36": {
        "nodes": [
            53,
            60,
            61,
            117,
            125
        ],
        "center": [
            26.68,
            364.8,
            271.14
        ],
        "cluster_head": 61
    },
    "37": {
        "nodes": [
            54,
            62,
            63,
            118,
            126,
            127,
            183,
            191
        ],
        "center": [
            67.15,
            367.64,
            350.15
        ],
        "cluster_head": 126
    },
    "38": {
        "nodes": [
            182,
            189,
            190,
            237,
            245,
            246,
            253,
            254
        ],
        "center": [
            160.38,
            344.28,
            300.12
        ],
        "cluster_head": 190
    },
    "39": {
        "nodes": [
            51,
            52,
            116,
            124,
            179,
            180,
            181,
            187,
            188,
            236,
            244,
            251,
            252
        ],
        "center": [
            115.4,
            345.61,
            215.01
        ],
        "cluster_head": 180
    },
    "40": {
        "nodes": [
            29,
            30,
            36,
            37,
            44,
            45,
            101,
            108,
            110
        ],
        "center": [
            31.85,
            241.22,
            266.67
        ],
        "cluster_head": 37
    },
    "41": {
        "nodes": [
            92,
            99,
            100,
            109,
            164,
            165,
            172,
            173,
            174,
            228,
            229
        ],
        "center": [
            120.15,
            244.79,
            245.6
        ],
        "cluster_head": 172
    },
    "42": {
        "nodes": [
            38,
            39,
            46,
            47,
            55,
            95,
            102,
            103,
            111,
            119,
            159,
            166,
            167,
            175,
            231,
            238,
            239
        ],
        "center": [
            86.58,
            249.3,
            367.12
        ],
        "cluster_head": 103
    },
    "43": {
        "nodes": [
            247,
            255,
            294,
            295,
            301,
            302,
            303,
            310,
            311,
            318,
            319,
            382
        ],
        "center": [
            217.15,
            316.17,
            346.29
        ],
        "cluster_head": 303
    },
    "44": {
        "nodes": [
            359,
            366,
            367,
            374,
            375,
            383,
            430,
            431,
            438,
            439,
            446,
            447,
            494,
            495
        ],
        "center": [
            319.46,
            308.89,
            363.37
        ],
        "cluster_head": 430
    },
    "45": {
        "nodes": [
            292,
            293,
            300,
            364,
            365,
            420,
            421,
            428,
            429,
            484,
            492,
            493
        ],
        "center": [
            309.05,
            254.99,
            244.46
        ],
        "cluster_head": 429
    },
    "46": {
        "nodes": [
            308,
            309,
            316,
            317,
            372,
            373,
            380,
            381,
            436,
            437,
            444,
            445
        ],
        "center": [
            278.11,
            349.98,
            249.58
        ],
        "cluster_head": 381
    }
}