{
    "0": {
        "nodes": [
            10,
            15,
            16,
            17,
            20,
            21
        ],
        "center": [
            26.48,
            288.58,
            83.76
        ],
        "cluster_head": 16
    },
    "1": {
        "nodes": [
            45,
            46
        ],
        "center": [
            129.72,
            360.23,
            101.99
        ],
        "cluster_head": 45
    },
    "2": {
        "nodes": [
            35,
            36,
            37,
            40,
            41,
            60,
            61,
            66
        ],
        "center": [
            144.76,
            241.6,
            103.82
        ],
        "cluster_head": 66
    },
    "3": {
        "nodes": [
            65,
            85
        ],
        "center": [
            222.96,
            231.18,
            33.55
        ],
        "cluster_head": 65
    },
    "4": {
        "nodes": [
            70,
            90,
            95,
            96
        ],
        "center": [
            272.27,
            354.29,
            56.96
        ],
        "cluster_head": 70
    },
    "5": {
        "nodes": [
            67,
            71,
            91,
            97
        ],
        "center": [
            241.16,
            309.04,
            161.54
        ],
        "cluster_head": 67
    },
    "6": {
        "nodes": [
            51,
            52,
            56,
            57,
            77,
            82
        ],
        "center": [
            226.48,
            63.55,
            159.54
        ],
        "cluster_head": 52
    },
    "7": {
        "nodes": [
            55,
            75,
            76,
            80,
            81,
            86
        ],
        "center": [
            289.52,
            100.75,
            66.45
        ],
        "cluster_head": 80
    },
    "8": {
        "nodes": [
            1,
            5,
            6,
            11
        ],
        "center": [
            39.57,
            106.65,
            121.5
        ],
        "cluster_head": 11
    },
    "9": {
        "nodes": [
            0,
            25,
            26,
            30,
            31,
            50
        ],
        "center": [
            107.58,
            65.89,
            46.91
        ],
        "cluster_head": 25
    },
    "10": {
        "nodes": [
            2,
            3,
            27,
            28,
            32
        ],
        "center": [
            86.21,
            48.53,
            248.6
        ],
        "cluster_head": 32
    },
    "11": {
        "nodes": [
            4,
            29
        ],
        "center": [
            66.48,
            60.06,
            360.01
        ],
        "cluster_head": 29
    },
    "12": {
        "nodes": [
            7,
            8,
            9,
            12,
            13,
            14,
            33,
            34,
            38
        ],
        "center": [
            74.73,
            157.3,
            291.43
        ],
        "cluster_head": 33
    },
    "13": {
        "nodes": [
            62,
            63,
            87
        ],
        "center": [
            211.94,
            186.79,
            236.52
        ],
        "cluster_head": 62
    },
    "14": {
        "nodes": [
            54,
            59,
            79,
            83,
            84,
            89
        ],
        "center": [
            266.05,
            106.89,
            358.99
        ],
        "cluster_head": 83
    },
    "15": {
        "nodes": [
            53,
            58,
            78
        ],
        "center": [
            215.21,
            62.56,
            271.28
        ],
        "cluster_head": 58
    },
    "16": {
        "nodes": [
            18,
            23
        ],
        "center": [
            12.2,
            325.51,
            284.87
        ],
        "cluster_head": 23
    },
    "17": {
        "nodes": [
            22,
            42,
            43,
            47,
            48,
            72
        ],
        "center": [
            114.99,
            327.2,
            233.43
        ],
        "cluster_head": 47
    },
    "18": {
        "nodes": [
            19,
            39,
            44,
            68
        ],
        "center": [
            99.89,
            254.27,
            343.73
        ],
        "cluster_head": 44
    },
    "19": {
        "nodes": [
            24,
            49,
            74
        ],
        "center": [
            137.86,
            376.46,
            371.3
        ],
        "cluster_head": 49
    },
    "20": {
        "nodes": [
            88,
            92,
            93,
            94,
            98
        ],
        "center": [
            297.84,
            273.84,
            275.3
        ],
        "cluster_head": 93
    },
    "21": {
        "nodes": [
            64,
            69
        ],
        "center": [
            185.6,
            259.24,
            385.45
        ],
        "cluster_head": 64
    },
    "22": {
        "nodes": [
            73,
            99
        ],
        "center": [
            267.73,
            384.08,
            353.34
        ],
        "cluster_head": 99
    }
}