{
    "0": {
        "nodes": [
            64
        ],
        "center": [
            79.08,
            329.62,
            315.97
        ],
        "cluster_head": 64
    },
    "1": {
        "nodes": [
            35
        ],
        "center": [
            38.41,
            372.8,
            371.48
        ],
        "cluster_head": 35
    },
    "2": {
        "nodes": [
            71
        ],
        "center": [
            84.22,
            334.71,
            383.89
        ],
        "cluster_head": 71
    },
    "3": {
        "nodes": [
            28
        ],
        "center": [
            37.77,
            284.36,
            301.55
        ],
        "cluster_head": 28
    },
    "4": {
        "nodes": [
            23
        ],
        "center": [
            6.41,
            265.1,
            364.58
        ],
        "cluster_head": 23
    },
    "5": {
        "nodes": [
            29
        ],
        "center": [
            6.26,
            305.06,
            395.29
        ],
        "cluster_head": 29
    },
    "6": {
        "nodes": [
            59,
            65,
            95,
            101
        ],
        "center": [
            127.46,
            272.02,
            349.95
        ],
        "cluster_head": 65
    },
    "7": {
        "nodes": [
            58
        ],
        "center": [
            119.58,
            214.93,
            289.69
        ],
        "cluster_head": 58
    },
    "8": {
        "nodes": [
            70,
            107
        ],
        "center": [
            137.39,
            342.41,
            332.16
        ],
        "cluster_head": 70
    },
    "9": {
        "nodes": [
            57
        ],
        "center": [
            70.29,
            213.33,
            201.24
        ],
        "cluster_head": 57
    },
    "10": {
        "nodes": [
            21
        ],
        "center": [
            9.21,
            213.1,
            224.58
        ],
        "cluster_head": 21
    },
    "11": {
        "nodes": [
            27
        ],
        "center": [
            27.62,
            270.94,
            246.16
        ],
        "cluster_head": 27
    },
    "12": {
        "nodes": [
            69
        ],
        "center": [
            96.91,
            369.1,
            259.78
        ],
        "cluster_head": 69
    },
    "13": {
        "nodes": [
            34
        ],
        "center": [
            49.01,
            397.48,
            283.25
        ],
        "cluster_head": 34
    },
    "14": {
        "nodes": [
            33
        ],
        "center": [
            0.31,
            378.52,
            218.0
        ],
        "cluster_head": 33
    },
    "15": {
        "nodes": [
            32,
            68
        ],
        "center": [
            53.71,
            336.25,
            183.61
        ],
        "cluster_head": 32
    },
    "16": {
        "nodes": [
            62
        ],
        "center": [
            102.38,
            305.99,
            182.01
        ],
        "cluster_head": 62
    },
    "17": {
        "nodes": [
            63
        ],
        "center": [
            87.46,
            293.21,
            213.99
        ],
        "cluster_head": 63
    },
    "18": {
        "nodes": [
            129,
            130,
            136
        ],
        "center": [
            218.59,
            246.36,
            259.39
        ],
        "cluster_head": 129
    },
    "19": {
        "nodes": [
            93
        ],
        "center": [
            191.62,
            219.54,
            256.6
        ],
        "cluster_head": 93
    },
    "20": {
        "nodes": [
            128,
            135
        ],
        "center": [
            242.5,
            274.52,
            201.61
        ],
        "cluster_head": 128
    },
    "21": {
        "nodes": [
            99,
            100
        ],
        "center": [
            192.29,
            324.9,
            276.47
        ],
        "cluster_head": 99
    },
    "22": {
        "nodes": [
            137
        ],
        "center": [
            228.59,
            271.2,
            350.13
        ],
        "cluster_head": 137
    },
    "23": {
        "nodes": [
            142
        ],
        "center": [
            265.96,
            337.69,
            318.88
        ],
        "cluster_head": 142
    },
    "24": {
        "nodes": [
            143
        ],
        "center": [
            219.23,
            349.43,
            377.5
        ],
        "cluster_head": 143
    },
    "25": {
        "nodes": [
            140
        ],
        "center": [
            264.95,
            399.36,
            160.6
        ],
        "cluster_head": 140
    },
    "26": {
        "nodes": [
            134
        ],
        "center": [
            206.64,
            329.69,
            191.3
        ],
        "cluster_head": 134
    },
    "27": {
        "nodes": [
            104
        ],
        "center": [
            138.64,
            339.31,
            178.14
        ],
        "cluster_head": 104
    },
    "28": {
        "nodes": [
            105
        ],
        "center": [
            149.69,
            361.37,
            237.16
        ],
        "cluster_head": 105
    },
    "29": {
        "nodes": [
            106
        ],
        "center": [
            190.7,
            381.8,
            284.69
        ],
        "cluster_head": 106
    },
    "30": {
        "nodes": [
            141
        ],
        "center": [
            210.86,
            375.92,
            232.69
        ],
        "cluster_head": 141
    },
    "31": {
        "nodes": [
            67,
            102,
            103
        ],
        "center": [
            129.78,
            360.04,
            67.83
        ],
        "cluster_head": 102
    },
    "32": {
        "nodes": [
            97
        ],
        "center": [
            142.46,
            321.48,
            79.32
        ],
        "cluster_head": 97
    },
    "33": {
        "nodes": [
            139
        ],
        "center": [
            200.8,
            341.03,
            107.9
        ],
        "cluster_head": 139
    },
    "34": {
        "nodes": [
            96
        ],
        "center": [
            166.49,
            309.3,
            24.57
        ],
        "cluster_head": 96
    },
    "35": {
        "nodes": [
            132
        ],
        "center": [
            223.69,
            290.45,
            1.09
        ],
        "cluster_head": 132
    },
    "36": {
        "nodes": [
            138
        ],
        "center": [
            214.74,
            350.21,
            8.74
        ],
        "cluster_head": 138
    },
    "37": {
        "nodes": [
            90,
            126
        ],
        "center": [
            214.52,
            248.92,
            39.86
        ],
        "cluster_head": 126
    },
    "38": {
        "nodes": [
            84
        ],
        "center": [
            184.36,
            183.24,
            60.25
        ],
        "cluster_head": 84
    },
    "39": {
        "nodes": [
            120
        ],
        "center": [
            212.48,
            193.6,
            36.25
        ],
        "cluster_head": 120
    },
    "40": {
        "nodes": [
            121
        ],
        "center": [
            230.46,
            192.14,
            97.24
        ],
        "cluster_head": 121
    },
    "41": {
        "nodes": [
            91,
            92
        ],
        "center": [
            196.76,
            234.36,
            152.66
        ],
        "cluster_head": 92
    },
    "42": {
        "nodes": [
            98
        ],
        "center": [
            167.42,
            281.62,
            139.86
        ],
        "cluster_head": 98
    },
    "43": {
        "nodes": [
            127
        ],
        "center": [
            230.48,
            263.46,
            105.05
        ],
        "cluster_head": 127
    },
    "44": {
        "nodes": [
            133
        ],
        "center": [
            212.35,
            293.42,
            128.62
        ],
        "cluster_head": 133
    },
    "45": {
        "nodes": [
            48
        ],
        "center": [
            120.41,
            180.26,
            6.68
        ],
        "cluster_head": 48
    },
    "46": {
        "nodes": [
            54
        ],
        "center": [
            114.8,
            257.76,
            65.04
        ],
        "cluster_head": 54
    },
    "47": {
        "nodes": [
            49,
            50,
            56
        ],
        "center": [
            106.64,
            194.53,
            148.5
        ],
        "cluster_head": 50
    },
    "48": {
        "nodes": [
            55
        ],
        "center": [
            123.72,
            200.78,
            90.66
        ],
        "cluster_head": 55
    },
    "49": {
        "nodes": [
            85
        ],
        "center": [
            138.9,
            170.15,
            105.63
        ],
        "cluster_head": 85
    },
    "50": {
        "nodes": [
            12,
            13
        ],
        "center": [
            43.13,
            165.88,
            79.36
        ],
        "cluster_head": 13
    },
    "51": {
        "nodes": [
            18
        ],
        "center": [
            13.92,
            210.75,
            43.54
        ],
        "cluster_head": 18
    },
    "52": {
        "nodes": [
            19
        ],
        "center": [
            16.89,
            231.09,
            82.96
        ],
        "cluster_head": 19
    },
    "53": {
        "nodes": [
            20
        ],
        "center": [
            10.6,
            207.36,
            177.09
        ],
        "cluster_head": 20
    },
    "54": {
        "nodes": [
            26
        ],
        "center": [
            19.74,
            274.58,
            154.53
        ],
        "cluster_head": 26
    },
    "55": {
        "nodes": [
            30,
            66
        ],
        "center": [
            45.89,
            370.06,
            14.79
        ],
        "cluster_head": 30
    },
    "56": {
        "nodes": [
            25
        ],
        "center": [
            2.61,
            285.52,
            74.68
        ],
        "cluster_head": 25
    },
    "57": {
        "nodes": [
            31,
            61
        ],
        "center": [
            65.14,
            340.79,
            93.24
        ],
        "cluster_head": 61
    },
    "58": {
        "nodes": [
            24
        ],
        "center": [
            65.12,
            306.99,
            49.28
        ],
        "cluster_head": 24
    },
    "59": {
        "nodes": [
            60
        ],
        "center": [
            77.65,
            308.1,
            38.48
        ],
        "cluster_head": 60
    },
    "60": {
        "nodes": [
            38
        ],
        "center": [
            120.92,
            26.43,
            192.07
        ],
        "cluster_head": 38
    },
    "61": {
        "nodes": [
            2,
            44
        ],
        "center": [
            52.43,
            73.0,
            184.45
        ],
        "cluster_head": 2
    },
    "62": {
        "nodes": [
            7
        ],
        "center": [
            53.28,
            97.43,
            118.7
        ],
        "cluster_head": 7
    },
    "63": {
        "nodes": [
            8
        ],
        "center": [
            7.88,
            109.33,
            142.89
        ],
        "cluster_head": 8
    },
    "64": {
        "nodes": [
            14
        ],
        "center": [
            46.51,
            137.35,
            177.78
        ],
        "cluster_head": 14
    },
    "65": {
        "nodes": [
            1
        ],
        "center": [
            36.33,
            28.24,
            109.73
        ],
        "cluster_head": 1
    },
    "66": {
        "nodes": [
            6,
            42,
            43
        ],
        "center": [
            68.61,
            106.44,
            68.17
        ],
        "cluster_head": 43
    },
    "67": {
        "nodes": [
            0
        ],
        "center": [
            36.59,
            47.68,
            40.18
        ],
        "cluster_head": 0
    },
    "68": {
        "nodes": [
            36
        ],
        "center": [
            81.54,
            63.52,
            29.81
        ],
        "cluster_head": 36
    },
    "69": {
        "nodes": [
            78
        ],
        "center": [
            147.16,
            94.98,
            24.94
        ],
        "cluster_head": 78
    },
    "70": {
        "nodes": [
            37
        ],
        "center": [
            123.09,
            46.63,
            86.5
        ],
        "cluster_head": 37
    },
    "71": {
        "nodes": [
            72
        ],
        "center": [
            154.67,
            25.56,
            39.22
        ],
        "cluster_head": 72
    },
    "72": {
        "nodes": [
            144,
            145
        ],
        "center": [
            289.0,
            40.68,
            60.14
        ],
        "cluster_head": 145
    },
    "73": {
        "nodes": [
            109
        ],
        "center": [
            246.38,
            18.9,
            92.0
        ],
        "cluster_head": 109
    },
    "74": {
        "nodes": [
            108
        ],
        "center": [
            217.48,
            30.41,
            45.55
        ],
        "cluster_head": 108
    },
    "75": {
        "nodes": [
            114
        ],
        "center": [
            230.66,
            69.64,
            53.32
        ],
        "cluster_head": 114
    },
    "76": {
        "nodes": [
            146,
            147
        ],
        "center": [
            317.84,
            44.66,
            180.22
        ],
        "cluster_head": 146
    },
    "77": {
        "nodes": [
            75,
            80
        ],
        "center": [
            193.89,
            60.17,
            191.1
        ],
        "cluster_head": 80
    },
    "78": {
        "nodes": [
            73
        ],
        "center": [
            188.74,
            41.93,
            124.84
        ],
        "cluster_head": 73
    },
    "79": {
        "nodes": [
            74
        ],
        "center": [
            151.57,
            53.2,
            145.71
        ],
        "cluster_head": 74
    },
    "80": {
        "nodes": [
            110
        ],
        "center": [
            212.08,
            52.57,
            137.12
        ],
        "cluster_head": 110
    },
    "81": {
        "nodes": [
            79,
            115
        ],
        "center": [
            184.68,
            93.22,
            96.45
        ],
        "cluster_head": 79
    },
    "82": {
        "nodes": [
            86,
            116
        ],
        "center": [
            217.98,
            141.72,
            162.88
        ],
        "cluster_head": 116
    },
    "83": {
        "nodes": [
            122
        ],
        "center": [
            248.28,
            159.94,
            193.6
        ],
        "cluster_head": 122
    },
    "84": {
        "nodes": [
            123
        ],
        "center": [
            246.0,
            179.98,
            221.85
        ],
        "cluster_head": 123
    },
    "85": {
        "nodes": [
            88
        ],
        "center": [
            177.99,
            185.68,
            285.45
        ],
        "cluster_head": 88
    },
    "86": {
        "nodes": [
            94
        ],
        "center": [
            174.52,
            200.88,
            289.82
        ],
        "cluster_head": 94
    },
    "87": {
        "nodes": [
            124
        ],
        "center": [
            250.45,
            175.74,
            282.67
        ],
        "cluster_head": 124
    },
    "88": {
        "nodes": [
            89
        ],
        "center": [
            172.43,
            137.6,
            365.71
        ],
        "cluster_head": 89
    },
    "89": {
        "nodes": [
            125
        ],
        "center": [
            210.7,
            186.43,
            397.28
        ],
        "cluster_head": 125
    },
    "90": {
        "nodes": [
            131
        ],
        "center": [
            256.6,
            202.22,
            397.27
        ],
        "cluster_head": 131
    },
    "91": {
        "nodes": [
            113
        ],
        "center": [
            218.19,
            24.72,
            346.47
        ],
        "cluster_head": 113
    },
    "92": {
        "nodes": [
            83
        ],
        "center": [
            165.87,
            90.37,
            396.03
        ],
        "cluster_head": 83
    },
    "93": {
        "nodes": [
            119
        ],
        "center": [
            208.59,
            92.84,
            397.09
        ],
        "cluster_head": 119
    },
    "94": {
        "nodes": [
            148
        ],
        "center": [
            282.18,
            23.24,
            321.0
        ],
        "cluster_head": 148
    },
    "95": {
        "nodes": [
            149
        ],
        "center": [
            332.37,
            64.6,
            393.66
        ],
        "cluster_head": 149
    },
    "96": {
        "nodes": [
            77
        ],
        "center": [
            147.55,
            34.55,
            335.04
        ],
        "cluster_head": 77
    },
    "97": {
        "nodes": [
            76
        ],
        "center": [
            196.49,
            48.72,
            283.6
        ],
        "cluster_head": 76
    },
    "98": {
        "nodes": [
            82
        ],
        "center": [
            171.03,
            78.89,
            276.32
        ],
        "cluster_head": 82
    },
    "99": {
        "nodes": [
            112
        ],
        "center": [
            217.3,
            24.92,
            305.84
        ],
        "cluster_head": 112
    },
    "100": {
        "nodes": [
            111
        ],
        "center": [
            246.47,
            51.91,
            251.83
        ],
        "cluster_head": 111
    },
    "101": {
        "nodes": [
            117
        ],
        "center": [
            202.36,
            95.36,
            234.0
        ],
        "cluster_head": 117
    },
    "102": {
        "nodes": [
            118
        ],
        "center": [
            235.74,
            112.09,
            285.17
        ],
        "cluster_head": 118
    },
    "103": {
        "nodes": [
            3,
            4
        ],
        "center": [
            31.72,
            57.24,
            253.33
        ],
        "cluster_head": 4
    },
    "104": {
        "nodes": [
            9,
            15
        ],
        "center": [
            53.84,
            124.41,
            218.12
        ],
        "cluster_head": 15
    },
    "105": {
        "nodes": [
            46
        ],
        "center": [
            110.14,
            95.43,
            326.44
        ],
        "cluster_head": 46
    },
    "106": {
        "nodes": [
            39,
            45
        ],
        "center": [
            105.74,
            81.87,
            244.86
        ],
        "cluster_head": 39
    },
    "107": {
        "nodes": [
            51
        ],
        "center": [
            107.7,
            141.59,
            256.53
        ],
        "cluster_head": 51
    },
    "108": {
        "nodes": [
            81
        ],
        "center": [
            142.14,
            114.46,
            226.4
        ],
        "cluster_head": 81
    },
    "109": {
        "nodes": [
            87
        ],
        "center": [
            140.02,
            134.43,
            261.97
        ],
        "cluster_head": 87
    },
    "110": {
        "nodes": [
            17,
            22,
            53
        ],
        "center": [
            51.75,
            195.18,
            342.08
        ],
        "cluster_head": 53
    },
    "111": {
        "nodes": [
            52
        ],
        "center": [
            120.49,
            171.27,
            293.81
        ],
        "cluster_head": 52
    },
    "112": {
        "nodes": [
            10,
            16
        ],
        "center": [
            19.33,
            137.93,
            300.88
        ],
        "cluster_head": 10
    },
    "113": {
        "nodes": [
            47
        ],
        "center": [
            91.17,
            95.72,
            392.8
        ],
        "cluster_head": 47
    },
    "114": {
        "nodes": [
            40
        ],
        "center": [
            115.02,
            33.42,
            330.41
        ],
        "cluster_head": 40
    },
    "115": {
        "nodes": [
            41
        ],
        "center": [
            109.6,
            28.26,
            373.76
        ],
        "cluster_head": 41
    },
    "116": {
        "nodes": [
            5
        ],
        "center": [
            5.81,
            1.35,
            388.84
        ],
        "cluster_head": 5
    },
    "117": {
        "nodes": [
            11
        ],
        "center": [
            37.9,
            67.92,
            374.51
        ],
        "cluster_head": 11
    }
}