[
    {
        "id": 0,
        "x": 36.588,
        "y": 47.679,
        "z": 40.184,
        "energy_residual": 100.0,
        "energy_node": 100.0
    },
    {
        "id": 1,
        "x": 36.326,
        "y": 28.244,
        "z": 109.726,
        "energy_residual": 100.0,
        "energy_node": 100.0
    },
    {
        "id": 2,
        "x": 29.172,
        "y": 59.452,
        "z": 197.578,
        "energy_residual": 100.0,
        "energy_node": 100.0
    },
    {
        "id": 3,
        "x": 25.563,
        "y": 52.782,
        "z": 235.26,
        "energy_residual": 100.0,
        "energy_node": 100.0
    },
    {
        "id": 4,
        "x": 37.87,
        "y": 61.706,
        "z": 271.402,
        "energy_residual": 100.0,
        "energy_node": 100.0
    },
    {
        "id": 5,
        "x": 5.809,
        "y": 1.348,
        "z": 388.841,
        "energy_residual": 100.0,
        "energy_node": 100.0
    },
    {
        "id": 6,
        "x": 51.877,
        "y": 124.667,
        "z": 65.241,
        "energy_residual": 100.0,
        "energy_node": 100.0
    },
    {
        "id": 7,
        "x": 53.277,
        "y": 97.432,
        "z": 118.702,
        "energy_residual": 100.0,
        "energy_node": 100.0
    },
    {
        "id": 8,
        "x": 7.885,
        "y": 109.328,
        "z": 142.89,
        "energy_residual": 100.0,
        "energy_node": 100.0
    },
    {
        "id": 9,
        "x": 62.978,
        "y": 101.457,
        "z": 227.644,
        "energy_residual": 100.0,
        "energy_node": 100.0
    },
    {
        "id": 10,
        "x": 17.637,
        "y": 118.282,
        "z": 297.077,
        "energy_residual": 100.0,
        "energy_node": 100.0
    },
    {
        "id": 11,
        "x": 37.896,
        "y": 67.919,
        "z": 374.509,
        "energy_residual": 100.0,
        "energy_node": 100.0
    },
    {
        "id": 12,
        "x": 40.806,
        "y": 174.462,
        "z": 62.917,
        "energy_residual": 100.0,
        "energy_node": 100.0
    },
    {
        "id": 13,
        "x": 45.455,
        "y": 157.301,
        "z": 95.802,
        "energy_residual": 100.0,
        "energy_node": 100.0
    },
    {
        "id": 14,
        "x": 46.509,
        "y": 137.348,
        "z": 177.784,
        "energy_residual": 100.0,
        "energy_node": 100.0
    },
    {
        "id": 15,
        "x": 44.709,
        "y": 147.359,
        "z": 208.595,
        "energy_residual": 100.0,
        "energy_node": 100.0
    },
    {
        "id": 16,
        "x": 21.029,
        "y": 157.581,
        "z": 304.68,
        "energy_residual": 100.0,
        "energy_node": 100.0
    },
    {
        "id": 17,
        "x": 29.24,
        "y": 199.225,
        "z": 340.136,
        "energy_residual": 100.0,
        "energy_node": 100.0
    },
    {
        "id": 18,
        "x": 13.925,
        "y": 210.754,
        "z": 43.541,
        "energy_residual": 100.0,
        "energy_node": 100.0
    },
    {
        "id": 19,
        "x": 16.886,
        "y": 231.087,
        "z": 82.962,
        "energy_residual": 100.0,
        "energy_node": 100.0
    },
    {
        "id": 20,
        "x": 10.598,
        "y": 207.358,
        "z": 177.089,
        "energy_residual": 100.0,
        "energy_node": 100.0
    },
    {
        "id": 21,
        "x": 9.212,
        "y": 213.105,
        "z": 224.582,
        "energy_residual": 100.0,
        "energy_node": 100.0
    },
    {
        "id": 22,
        "x": 54.733,
        "y": 206.473,
        "z": 322.53,
        "energy_residual": 100.0,
        "energy_node": 100.0
    },
    {
        "id": 23,
        "x": 6.407,
        "y": 265.097,
        "z": 364.577,
        "energy_residual": 100.0,
        "energy_node": 100.0
    },
    {
        "id": 24,
        "x": 65.117,
        "y": 306.99,
        "z": 49.284,
        "energy_residual": 100.0,
        "energy_node": 100.0
    },
    {
        "id": 25,
        "x": 2.613,
        "y": 285.52,
        "z": 74.68,
        "energy_residual": 100.0,
        "energy_node": 100.0
    },
    {
        "id": 26,
        "x": 19.743,
        "y": 274.582,
        "z": 154.532,
        "energy_residual": 100.0,
        "energy_node": 100.0
    },
    {
        "id": 27,
        "x": 27.618,
        "y": 270.943,
        "z": 246.165,
        "energy_residual": 100.0,
        "energy_node": 100.0
    },
    {
        "id": 28,
        "x": 37.773,
        "y": 284.359,
        "z": 301.55,
        "energy_residual": 100.0,
        "energy_node": 100.0
    },
    {
        "id": 29,
        "x": 6.263,
        "y": 305.063,
        "z": 395.286,
        "energy_residual": 100.0,
        "energy_node": 100.0
    },
    {
        "id": 30,
        "x": 21.238,
        "y": 377.827,
        "z": 8.787,
        "energy_residual": 100.0,
        "energy_node": 100.0
    },
    {
        "id": 31,
        "x": 47.755,
        "y": 352.627,
        "z": 78.879,
        "energy_residual": 100.0,
        "energy_node": 100.0
    },
    {
        "id": 32,
        "x": 39.101,
        "y": 334.674,
        "z": 188.596,
        "energy_residual": 100.0,
        "energy_node": 100.0
    },
    {
        "id": 33,
        "x": 0.313,
        "y": 378.521,
        "z": 218.001,
        "energy_residual": 100.0,
        "energy_node": 100.0
    },
    {
        "id": 34,
        "x": 49.013,
        "y": 397.479,
        "z": 283.25,
        "energy_residual": 100.0,
        "energy_node": 100.0
    },
    {
        "id": 35,
        "x": 38.41,
        "y": 372.803,
        "z": 371.483,
        "energy_residual": 100.0,
        "energy_node": 100.0
    },
    {
        "id": 36,
        "x": 81.539,
        "y": 63.517,
        "z": 29.808,
        "energy_residual": 100.0,
        "energy_node": 100.0
    },
    {
        "id": 37,
        "x": 123.094,
        "y": 46.632,
        "z": 86.496,
        "energy_residual": 100.0,
        "energy_node": 100.0
    },
    {
        "id": 38,
        "x": 120.92,
        "y": 26.434,
        "z": 192.074,
        "energy_residual": 100.0,
        "energy_node": 100.0
    },
    {
        "id": 39,
        "x": 105.418,
        "y": 58.782,
        "z": 246.169,
        "energy_residual": 100.0,
        "energy_node": 100.0
    },
    {
        "id": 40,
        "x": 115.017,
        "y": 33.422,
        "z": 330.406,
        "energy_residual": 100.0,
        "energy_node": 100.0
    },
    {
        "id": 41,
        "x": 109.599,
        "y": 28.257,
        "z": 373.76,
        "energy_residual": 100.0,
        "energy_node": 100.0
    },
    {
        "id": 42,
        "x": 67.946,
        "y": 86.772,
        "z": 44.012,
        "energy_residual": 100.0,
        "energy_node": 100.0
    },
    {
        "id": 43,
        "x": 86.005,
        "y": 107.868,
        "z": 95.251,
        "energy_residual": 100.0,
        "energy_node": 100.0
    },
    {
        "id": 44,
        "x": 75.698,
        "y": 86.552,
        "z": 171.331,
        "energy_residual": 100.0,
        "energy_node": 100.0
    },
    {
        "id": 45,
        "x": 106.058,
        "y": 104.955,
        "z": 243.547,
        "energy_residual": 100.0,
        "energy_node": 100.0
    },
    {
        "id": 46,
        "x": 110.14,
        "y": 95.428,
        "z": 326.436,
        "energy_residual": 100.0,
        "energy_node": 100.0
    },
    {
        "id": 47,
        "x": 91.171,
        "y": 95.724,
        "z": 392.795,
        "energy_residual": 100.0,
        "energy_node": 100.0
    },
    {
        "id": 48,
        "x": 120.413,
        "y": 180.259,
        "z": 6.682,
        "energy_residual": 100.0,
        "energy_node": 100.0
    },
    {
        "id": 49,
        "x": 127.966,
        "y": 180.949,
        "z": 133.256,
        "energy_residual": 100.0,
        "energy_node": 100.0
    },
    {
        "id": 50,
        "x": 76.63,
        "y": 191.208,
        "z": 144.166,
        "energy_residual": 100.0,
        "energy_node": 100.0
    },
    {
        "id": 51,
        "x": 107.704,
        "y": 141.588,
        "z": 256.534,
        "energy_residual": 100.0,
        "energy_node": 100.0
    },
    {
        "id": 52,
        "x": 120.488,
        "y": 171.273,
        "z": 293.812,
        "energy_residual": 100.0,
        "energy_node": 100.0
    },
    {
        "id": 53,
        "x": 71.278,
        "y": 179.829,
        "z": 363.57,
        "energy_residual": 100.0,
        "energy_node": 100.0
    },
    {
        "id": 54,
        "x": 114.804,
        "y": 257.759,
        "z": 65.035,
        "energy_residual": 100.0,
        "energy_node": 100.0
    },
    {
        "id": 55,
        "x": 123.72,
        "y": 200.781,
        "z": 90.665,
        "energy_residual": 100.0,
        "energy_node": 100.0
    },
    {
        "id": 56,
        "x": 115.333,
        "y": 211.442,
        "z": 168.069,
        "energy_residual": 100.0,
        "energy_node": 100.0
    },
    {
        "id": 57,
        "x": 70.289,
        "y": 213.333,
        "z": 201.235,
        "energy_residual": 100.0,
        "energy_node": 100.0
    },
    {
        "id": 58,
        "x": 119.58,
        "y": 214.928,
        "z": 289.69,
        "energy_residual": 100.0,
        "energy_node": 100.0
    },
    {
        "id": 59,
        "x": 128.539,
        "y": 246.961,
        "z": 335.456,
        "energy_residual": 100.0,
        "energy_node": 100.0
    },
    {
        "id": 60,
        "x": 77.646,
        "y": 308.099,
        "z": 38.482,
        "energy_residual": 100.0,
        "energy_node": 100.0
    },
    {
        "id": 61,
        "x": 82.526,
        "y": 328.948,
        "z": 107.598,
        "energy_residual": 100.0,
        "energy_node": 100.0
    },
    {
        "id": 62,
        "x": 102.376,
        "y": 305.994,
        "z": 182.008,
        "energy_residual": 100.0,
        "energy_node": 100.0
    },
    {
        "id": 63,
        "x": 87.463,
        "y": 293.215,
        "z": 213.99,
        "energy_residual": 100.0,
        "energy_node": 100.0
    },
    {
        "id": 64,
        "x": 79.08,
        "y": 329.625,
        "z": 315.97,
        "energy_residual": 100.0,
        "energy_node": 100.0
    },
    {
        "id": 65,
        "x": 99.364,
        "y": 281.828,
        "z": 350.29,
        "energy_residual": 100.0,
        "energy_node": 100.0
    },
    {
        "id": 66,
        "x": 70.535,
        "y": 362.294,
        "z": 20.786,
        "energy_residual": 100.0,
        "energy_node": 100.0
    },
    {
        "id": 67,
        "x": 113.09,
        "y": 358.517,
        "z": 78.64,
        "energy_residual": 100.0,
        "energy_node": 100.0
    },
    {
        "id": 68,
        "x": 68.312,
        "y": 337.817,
        "z": 178.626,
        "energy_residual": 100.0,
        "energy_node": 100.0
    },
    {
        "id": 69,
        "x": 96.913,
        "y": 369.105,
        "z": 259.778,
        "energy_residual": 100.0,
        "energy_node": 100.0
    },
    {
        "id": 70,
        "x": 132.689,
        "y": 347.793,
        "z": 310.872,
        "energy_residual": 100.0,
        "energy_node": 100.0
    },
    {
        "id": 71,
        "x": 84.221,
        "y": 334.71,
        "z": 383.892,
        "energy_residual": 100.0,
        "energy_node": 100.0
    },
    {
        "id": 72,
        "x": 154.668,
        "y": 25.564,
        "z": 39.221,
        "energy_residual": 100.0,
        "energy_node": 100.0
    },
    {
        "id": 73,
        "x": 188.737,
        "y": 41.932,
        "z": 124.843,
        "energy_residual": 100.0,
        "energy_node": 100.0
    },
    {
        "id": 74,
        "x": 151.569,
        "y": 53.203,
        "z": 145.709,
        "energy_residual": 100.0,
        "energy_node": 100.0
    },
    {
        "id": 75,
        "x": 196.853,
        "y": 45.833,
        "z": 214.367,
        "energy_residual": 100.0,
        "energy_node": 100.0
    },
    {
        "id": 76,
        "x": 196.491,
        "y": 48.724,
        "z": 283.596,
        "energy_residual": 100.0,
        "energy_node": 100.0
    },
    {
        "id": 77,
        "x": 147.554,
        "y": 34.547,
        "z": 335.044,
        "energy_residual": 100.0,
        "energy_node": 100.0
    },
    {
        "id": 78,
        "x": 147.165,
        "y": 94.979,
        "z": 24.945,
        "energy_residual": 100.0,
        "energy_node": 100.0
    },
    {
        "id": 79,
        "x": 164.238,
        "y": 85.175,
        "z": 105.786,
        "energy_residual": 100.0,
        "energy_node": 100.0
    },
    {
        "id": 80,
        "x": 190.924,
        "y": 74.502,
        "z": 167.825,
        "energy_residual": 100.0,
        "energy_node": 100.0
    },
    {
        "id": 81,
        "x": 142.138,
        "y": 114.457,
        "z": 226.404,
        "energy_residual": 100.0,
        "energy_node": 100.0
    },
    {
        "id": 82,
        "x": 171.028,
        "y": 78.885,
        "z": 276.323,
        "energy_residual": 100.0,
        "energy_node": 100.0
    },
    {
        "id": 83,
        "x": 165.87,
        "y": 90.374,
        "z": 396.029,
        "energy_residual": 100.0,
        "energy_node": 100.0
    },
    {
        "id": 84,
        "x": 184.355,
        "y": 183.244,
        "z": 60.248,
        "energy_residual": 100.0,
        "energy_node": 100.0
    },
    {
        "id": 85,
        "x": 138.895,
        "y": 170.146,
        "z": 105.632,
        "energy_residual": 100.0,
        "energy_node": 100.0
    },
    {
        "id": 86,
        "x": 197.462,
        "y": 152.81,
        "z": 149.389,
        "energy_residual": 100.0,
        "energy_node": 100.0
    },
    {
        "id": 87,
        "x": 140.02,
        "y": 134.429,
        "z": 261.969,
        "energy_residual": 100.0,
        "energy_node": 100.0
    },
    {
        "id": 88,
        "x": 177.994,
        "y": 185.677,
        "z": 285.449,
        "energy_residual": 100.0,
        "energy_node": 100.0
    },
    {
        "id": 89,
        "x": 172.427,
        "y": 137.597,
        "z": 365.709,
        "energy_residual": 100.0,
        "energy_node": 100.0
    },
    {
        "id": 90,
        "x": 198.5,
        "y": 258.434,
        "z": 22.544,
        "energy_residual": 100.0,
        "energy_node": 100.0
    },
    {
        "id": 91,
        "x": 197.438,
        "y": 215.447,
        "z": 129.955,
        "energy_residual": 100.0,
        "energy_node": 100.0
    },
    {
        "id": 92,
        "x": 196.092,
        "y": 253.28,
        "z": 175.363,
        "energy_residual": 100.0,
        "energy_node": 100.0
    },
    {
        "id": 93,
        "x": 191.619,
        "y": 219.535,
        "z": 256.596,
        "energy_residual": 100.0,
        "energy_node": 100.0
    },
    {
        "id": 94,
        "x": 174.525,
        "y": 200.882,
        "z": 289.816,
        "energy_residual": 100.0,
        "energy_node": 100.0
    },
    {
        "id": 95,
        "x": 143.209,
        "y": 265.455,
        "z": 365.225,
        "energy_residual": 100.0,
        "energy_node": 100.0
    },
    {
        "id": 96,
        "x": 166.493,
        "y": 309.298,
        "z": 24.572,
        "energy_residual": 100.0,
        "energy_node": 100.0
    },
    {
        "id": 97,
        "x": 142.46,
        "y": 321.475,
        "z": 79.323,
        "energy_residual": 100.0,
        "energy_node": 100.0
    },
    {
        "id": 98,
        "x": 167.421,
        "y": 281.621,
        "z": 139.856,
        "energy_residual": 100.0,
        "energy_node": 100.0
    },
    {
        "id": 99,
        "x": 190.813,
        "y": 331.528,
        "z": 264.056,
        "energy_residual": 100.0,
        "energy_node": 100.0
    },
    {
        "id": 100,
        "x": 193.77,
        "y": 318.27,
        "z": 288.876,
        "energy_residual": 100.0,
        "energy_node": 100.0
    },
    {
        "id": 101,
        "x": 138.74,
        "y": 293.816,
        "z": 348.816,
        "energy_residual": 100.0,
        "energy_node": 100.0
    },
    {
        "id": 102,
        "x": 142.166,
        "y": 336.895,
        "z": 48.373,
        "energy_residual": 100.0,
        "energy_node": 100.0
    },
    {
        "id": 103,
        "x": 134.095,
        "y": 384.705,
        "z": 76.463,
        "energy_residual": 100.0,
        "energy_node": 100.0
    },
    {
        "id": 104,
        "x": 138.635,
        "y": 339.307,
        "z": 178.137,
        "energy_residual": 100.0,
        "energy_node": 100.0
    },
    {
        "id": 105,
        "x": 149.691,
        "y": 361.369,
        "z": 237.158,
        "energy_residual": 100.0,
        "energy_node": 100.0
    },
    {
        "id": 106,
        "x": 190.703,
        "y": 381.803,
        "z": 284.689,
        "energy_residual": 100.0,
        "energy_node": 100.0
    },
    {
        "id": 107,
        "x": 142.099,
        "y": 337.025,
        "z": 353.44,
        "energy_residual": 100.0,
        "energy_node": 100.0
    },
    {
        "id": 108,
        "x": 217.475,
        "y": 30.409,
        "z": 45.552,
        "energy_residual": 100.0,
        "energy_node": 100.0
    },
    {
        "id": 109,
        "x": 246.375,
        "y": 18.901,
        "z": 91.995,
        "energy_residual": 100.0,
        "energy_node": 100.0
    },
    {
        "id": 110,
        "x": 212.077,
        "y": 52.57,
        "z": 137.123,
        "energy_residual": 100.0,
        "energy_node": 100.0
    },
    {
        "id": 111,
        "x": 246.466,
        "y": 51.913,
        "z": 251.827,
        "energy_residual": 100.0,
        "energy_node": 100.0
    },
    {
        "id": 112,
        "x": 217.295,
        "y": 24.921,
        "z": 305.84,
        "energy_residual": 100.0,
        "energy_node": 100.0
    },
    {
        "id": 113,
        "x": 218.188,
        "y": 24.724,
        "z": 346.47,
        "energy_residual": 100.0,
        "energy_node": 100.0
    },
    {
        "id": 114,
        "x": 230.657,
        "y": 69.641,
        "z": 53.32,
        "energy_residual": 100.0,
        "energy_node": 100.0
    },
    {
        "id": 115,
        "x": 205.13,
        "y": 101.256,
        "z": 87.121,
        "energy_residual": 100.0,
        "energy_node": 100.0
    },
    {
        "id": 116,
        "x": 238.503,
        "y": 130.629,
        "z": 176.371,
        "energy_residual": 100.0,
        "energy_node": 100.0
    },
    {
        "id": 117,
        "x": 202.357,
        "y": 95.36,
        "z": 234.001,
        "energy_residual": 100.0,
        "energy_node": 100.0
    },
    {
        "id": 118,
        "x": 235.745,
        "y": 112.093,
        "z": 285.173,
        "energy_residual": 100.0,
        "energy_node": 100.0
    },
    {
        "id": 119,
        "x": 208.591,
        "y": 92.845,
        "z": 397.094,
        "energy_residual": 100.0,
        "energy_node": 100.0
    },
    {
        "id": 120,
        "x": 212.475,
        "y": 193.599,
        "z": 36.254,
        "energy_residual": 100.0,
        "energy_node": 100.0
    },
    {
        "id": 121,
        "x": 230.461,
        "y": 192.136,
        "z": 97.24,
        "energy_residual": 100.0,
        "energy_node": 100.0
    },
    {
        "id": 122,
        "x": 248.278,
        "y": 159.935,
        "z": 193.603,
        "energy_residual": 100.0,
        "energy_node": 100.0
    },
    {
        "id": 123,
        "x": 246.002,
        "y": 179.975,
        "z": 221.848,
        "energy_residual": 100.0,
        "energy_node": 100.0
    },
    {
        "id": 124,
        "x": 250.452,
        "y": 175.737,
        "z": 282.668,
        "energy_residual": 100.0,
        "energy_node": 100.0
    },
    {
        "id": 125,
        "x": 210.703,
        "y": 186.426,
        "z": 397.278,
        "energy_residual": 100.0,
        "energy_node": 100.0
    },
    {
        "id": 126,
        "x": 230.543,
        "y": 239.399,
        "z": 57.182,
        "energy_residual": 100.0,
        "energy_node": 100.0
    },
    {
        "id": 127,
        "x": 230.482,
        "y": 263.458,
        "z": 105.05,
        "energy_residual": 100.0,
        "energy_node": 100.0
    },
    {
        "id": 128,
        "x": 254.718,
        "y": 260.59,
        "z": 187.702,
        "energy_residual": 100.0,
        "energy_node": 100.0
    },
    {
        "id": 129,
        "x": 210.628,
        "y": 241.927,
        "z": 226.562,
        "energy_residual": 100.0,
        "energy_node": 100.0
    },
    {
        "id": 130,
        "x": 204.181,
        "y": 228.269,
        "z": 283.912,
        "energy_residual": 100.0,
        "energy_node": 100.0
    },
    {
        "id": 131,
        "x": 256.603,
        "y": 202.22,
        "z": 397.266,
        "energy_residual": 100.0,
        "energy_node": 100.0
    },
    {
        "id": 132,
        "x": 223.691,
        "y": 290.447,
        "z": 1.089,
        "energy_residual": 100.0,
        "energy_node": 100.0
    },
    {
        "id": 133,
        "x": 212.349,
        "y": 293.417,
        "z": 128.619,
        "energy_residual": 100.0,
        "energy_node": 100.0
    },
    {
        "id": 134,
        "x": 206.641,
        "y": 329.687,
        "z": 191.299,
        "energy_residual": 100.0,
        "energy_node": 100.0
    },
    {
        "id": 135,
        "x": 230.277,
        "y": 288.447,
        "z": 215.516,
        "energy_residual": 100.0,
        "energy_node": 100.0
    },
    {
        "id": 136,
        "x": 240.964,
        "y": 268.872,
        "z": 267.707,
        "energy_residual": 100.0,
        "energy_node": 100.0
    },
    {
        "id": 137,
        "x": 228.586,
        "y": 271.205,
        "z": 350.129,
        "energy_residual": 100.0,
        "energy_node": 100.0
    },
    {
        "id": 138,
        "x": 214.744,
        "y": 350.213,
        "z": 8.737,
        "energy_residual": 100.0,
        "energy_node": 100.0
    },
    {
        "id": 139,
        "x": 200.802,
        "y": 341.032,
        "z": 107.899,
        "energy_residual": 100.0,
        "energy_node": 100.0
    },
    {
        "id": 140,
        "x": 264.95,
        "y": 399.356,
        "z": 160.604,
        "energy_residual": 100.0,
        "energy_node": 100.0
    },
    {
        "id": 141,
        "x": 210.864,
        "y": 375.917,
        "z": 232.687,
        "energy_residual": 100.0,
        "energy_node": 100.0
    },
    {
        "id": 142,
        "x": 265.961,
        "y": 337.687,
        "z": 318.882,
        "energy_residual": 100.0,
        "energy_node": 100.0
    },
    {
        "id": 143,
        "x": 219.227,
        "y": 349.428,
        "z": 377.5,
        "energy_residual": 100.0,
        "energy_node": 100.0
    },
    {
        "id": 144,
        "x": 283.071,
        "y": 44.391,
        "z": 34.487,
        "energy_residual": 100.0,
        "energy_node": 100.0
    },
    {
        "id": 145,
        "x": 294.939,
        "y": 36.979,
        "z": 85.803,
        "energy_residual": 100.0,
        "energy_node": 100.0
    },
    {
        "id": 146,
        "x": 313.772,
        "y": 27.657,
        "z": 157.37,
        "energy_residual": 100.0,
        "energy_node": 100.0
    },
    {
        "id": 147,
        "x": 321.91,
        "y": 61.664,
        "z": 203.067,
        "energy_residual": 100.0,
        "energy_node": 100.0
    },
    {
        "id": 148,
        "x": 282.175,
        "y": 23.235,
        "z": 320.998,
        "energy_residual": 100.0,
        "energy_node": 100.0
    },
    {
        "id": 149,
        "x": 332.366,
        "y": 64.598,
        "z": 393.663,
        "energy_residual": 100.0,
        "energy_node": 100.0
    }
]